userid,gender,level,method,location_state,user_agent,Cancel,Submit Downgrade,Thumbs Down,Home,Downgrade,Roll Advert,Logout,Save Settings,Cancellation Confirmation,About,Settings,Add to Playlist,Add Friend,NextSong,Thumbs Up,Help,Upgrade,Error,Submit Upgrade,number of days,session_count,max_sessiontime,min_sessiontime,avg_sessiontime,max_session_songs,min_session_songs,avg_session_songs,diff_song_per_user,most_played_song_number,artist_number,churn,downgrade
10,M,paid,GET,MS,Macintosh; Intel Mac OS X 10_9_4,0.0,0.0,4.0,30.0,7.0,1.0,11.0,1.0,0.0,2.0,7.0,9.0,12.0,673.0,37.0,1.0,0.0,0.0,0.0,51.76265046296297,6,1547.9166666666667,91.41666666666667,459.74722222222226,381,21,112.16666666666667,629,4,565,0,0
100,M,paid,PUT,TX,Windows NT 6.1; WOW64; rv:30.0,0.0,1.0,27.0,105.0,30.0,25.0,35.0,5.0,0.0,12.0,11.0,61.0,49.0,2682.0,148.0,18.0,1.0,3.0,1.0,64.87377314814815,35,1019.5833333333334,0.0,316.5190476190476,256,2,78.88235294117646,2302,17,1705,0,0
100001,F,free,GET,FL,Macintosh; Intel Mac OS X 10_6_8,1.0,0.0,2.0,11.0,0.0,14.0,7.0,0.0,1.0,0.0,1.0,3.0,2.0,133.0,8.0,1.0,2.0,1.0,0.0,44.80021990740741,4,215.28333333333333,63.0,148.15833333333333,53,12,33.25,129,3,125,1,1
100002,F,free,PUT,CA,Windows NT 6.1; WOW64; rv:32.0,0.0,0.0,0.0,6.0,2.0,3.0,1.0,0.0,0.0,0.0,0.0,5.0,1.0,195.0,5.0,0.0,0.0,0.0,0.0,160.47207175925925,4,730.4666666666667,0.0,201.18333333333334,175,1,48.75,193,2,184,0,0
100003,F,paid,PUT,FL,Windows NT 6.1; WOW64; rv:31.0,1.0,0.0,0.0,7.0,0.0,9.0,3.0,0.0,1.0,0.0,0.0,2.0,0.0,51.0,3.0,1.0,0.0,0.0,0.0,22.748113425925926,2,195.01666666666668,3.216666666666667,99.11666666666667,49,2,25.5,51,1,50,1,1
100004,F,free,GET,NY,compatible; MSIE 9.0; Windows NT 6.1; Trident/5.0,0.0,2.0,11.0,66.0,10.0,86.0,19.0,2.0,0.0,0.0,11.0,23.0,19.0,942.0,35.0,6.0,8.0,2.0,3.0,172.44008101851853,21,940.2166666666667,0.0,185.98650793650796,218,1,47.1,881,7,733,0,0
100005,M,paid,PUT,LA,Macintosh; Intel Mac OS X 10_9_4,1.0,0.0,3.0,15.0,0.0,18.0,3.0,0.0,1.0,0.0,2.0,3.0,3.0,154.0,7.0,2.0,4.0,0.0,0.0,85.19559027777778,5,209.21666666666667,0.0,120.18666666666668,51,19,38.5,153,2,149,1,1
100006,F,free,GET,MI,Windows NT 6.3; WOW64,1.0,0.0,2.0,2.0,0.0,3.0,1.0,0.0,1.0,0.0,1.0,1.0,4.0,26.0,2.0,0.0,0.0,0.0,0.0,9.127164351851851,1,93.43333333333334,93.43333333333334,93.43333333333334,26,26,26.0,26,1,26,1,1
100007,F,free,PUT,AR,Windows NT 6.3; WOW64,1.0,0.0,6.0,20.0,7.0,5.0,5.0,1.0,1.0,0.0,3.0,9.0,17.0,423.0,19.0,3.0,0.0,0.0,0.0,115.38761574074074,9,675.6333333333333,8.9,189.4111111111111,163,4,47.0,408,4,357,1,1
100008,F,free,GET,CA,Macintosh; Intel Mac OS X 10.7; rv:31.0,0.0,1.0,6.0,24.0,10.0,20.0,7.0,0.0,0.0,3.0,3.0,30.0,17.0,772.0,37.0,6.0,4.0,0.0,0.0,68.22856481481482,6,2024.4,57.05,528.2527777777779,491,16,128.66666666666666,723,5,623,0,0
100009,M,paid,PUT,CA,Windows NT 6.1; WOW64,1.0,1.0,8.0,23.0,5.0,42.0,13.0,1.0,1.0,1.0,4.0,12.0,7.0,518.0,23.0,6.0,4.0,0.0,1.0,37.43827546296296,10,666.3333333333334,4.516666666666667,211.96166666666667,165,2,51.8,501,3,442,1,1
100010,F,paid,GET,CT,iPhone; CPU iPhone OS 7_1_2 like Mac OS X,0.0,0.0,5.0,11.0,0.0,52.0,5.0,0.0,0.0,1.0,0.0,7.0,4.0,275.0,17.0,2.0,2.0,0.0,0.0,55.64365740740741,7,323.0,22.55,154.48333333333332,80,7,39.285714285714285,269,2,252,0,0
100011,M,free,GET,OR,Windows NT 6.1; WOW64; rv:31.0,1.0,0.0,1.0,4.0,0.0,2.0,0.0,0.0,1.0,0.0,1.0,2.0,0.0,11.0,0.0,0.0,0.0,0.0,0.0,5.165115740740741,1,44.38333333333333,44.38333333333333,44.38333333333333,11,11,11.0,11,1,11,1,1
100012,M,paid,PUT,WI,Macintosh; Intel Mac OS X 10_9_4,1.0,1.0,9.0,27.0,4.0,38.0,6.0,0.0,1.0,1.0,0.0,12.0,2.0,476.0,18.0,2.0,1.0,0.0,1.0,43.05261574074074,7,729.4166666666666,0.0,271.4380952380953,180,12,79.33333333333333,453,3,397,1,1
100013,F,free,PUT,OH,Windows NT 6.1,1.0,0.0,15.0,53.0,13.0,39.0,13.0,3.0,1.0,2.0,7.0,31.0,28.0,1131.0,39.0,9.0,4.0,2.0,1.0,44.17873842592593,14,858.8166666666667,0.0,329.99880952380954,209,4,87.0,1041,7,826,1,1
100014,M,free,GET,PA,Windows NT 6.1; WOW64,1.0,0.0,3.0,7.0,3.0,2.0,3.0,0.0,1.0,0.0,1.0,7.0,6.0,257.0,17.0,2.0,0.0,0.0,0.0,85.08340277777778,6,281.75,3.45,184.8138888888889,70,2,42.833333333333336,248,4,233,1,1
100015,F,free,PUT,NC,Macintosh; Intel Mac OS X 10_9_4,1.0,1.0,8.0,47.0,5.0,69.0,18.0,1.0,1.0,4.0,7.0,22.0,14.0,800.0,35.0,6.0,8.0,1.0,2.0,67.87921296296297,12,570.9333333333333,1.4833333333333334,278.59444444444443,136,1,66.66666666666667,755,5,627,1,1
100016,M,paid,GET,IL,X11; Linux x86_64,0.0,1.0,5.0,21.0,6.0,16.0,9.0,0.0,0.0,1.0,1.0,6.0,13.0,530.0,25.0,3.0,0.0,1.0,0.0,75.01533564814815,8,1049.4833333333333,53.1,265.4041666666667,261,14,66.25,493,6,431,0,0
100017,M,free,PUT,AL,iPhone; CPU iPhone OS 7_1_2 like Mac OS X,1.0,0.0,1.0,3.0,0.0,14.0,0.0,0.0,1.0,0.0,0.0,1.0,0.0,52.0,2.0,0.0,0.0,0.0,0.0,78.88440972222222,1,199.26666666666668,199.26666666666668,199.26666666666668,52,52,52.0,51,2,51,1,1
100018,M,free,GET,TX,Macintosh; Intel Mac OS X 10_10,0.0,2.0,9.0,43.0,9.0,80.0,17.0,3.0,0.0,1.0,9.0,31.0,23.0,1002.0,46.0,7.0,4.0,0.0,2.0,110.71211805555555,21,940.1666666666666,0.03333333333333333,193.1873015873016,221,1,50.1,942,6,780,0,0
100019,M,paid,GET,WA,X11; Ubuntu; Linux x86_64; rv:31.0,1.0,0.0,1.0,4.0,0.0,11.0,2.0,0.0,1.0,1.0,0.0,2.0,2.0,62.0,1.0,1.0,0.0,0.0,0.0,31.19925925925926,2,174.08333333333334,81.18333333333334,127.63333333333334,43,19,31.0,61,2,61,1,1
100021,M,paid,PUT,TX,Macintosh; Intel Mac OS X 10_9_4,1.0,0.0,5.0,15.0,0.0,30.0,7.0,0.0,1.0,1.0,0.0,7.0,7.0,230.0,11.0,0.0,2.0,2.0,0.0,64.73886574074074,5,605.1833333333333,30.4,215.22666666666663,135,8,46.0,226,3,207,1,1
100022,F,paid,GET,TX,Macintosh; Intel Mac OS X 10.9; rv:31.0,1.0,0.0,20.0,37.0,0.0,115.0,14.0,2.0,1.0,1.0,8.0,14.0,11.0,681.0,45.0,6.0,7.0,1.0,0.0,47.92025462962963,20,611.9166666666666,1.1166666666666667,136.26833333333335,158,1,34.05,634,7,555,1,1
100023,M,free,PUT,SC,Windows NT 6.1; WOW64,1.0,0.0,2.0,20.0,9.0,6.0,5.0,0.0,1.0,1.0,2.0,11.0,14.0,407.0,10.0,3.0,1.0,0.0,1.0,32.362118055555555,10,500.6666666666667,1.2,171.16000000000003,118,1,40.7,391,4,350,1,1
100024,M,free,PUT,PA,Windows NT 6.1; rv:31.0,1.0,0.0,0.0,1.0,0.0,3.0,0.0,0.0,1.0,0.0,3.0,0.0,0.0,22.0,5.0,0.0,0.0,0.0,0.0,27.22165509259259,1,85.25,85.25,85.25,22,22,22.0,22,1,22,1,1
100025,F,paid,GET,PA,Macintosh; Intel Mac OS X 10_9_4,1.0,1.0,7.0,31.0,5.0,30.0,7.0,3.0,1.0,1.0,7.0,9.0,3.0,490.0,20.0,5.0,1.0,1.0,0.0,88.81461805555556,7,1305.7333333333333,42.583333333333336,311.59285714285716,284,9,70.0,471,3,410,1,1
101,M,free,PUT,CO,Windows NT 6.2; WOW64; rv:31.0,1.0,0.0,16.0,74.0,22.0,8.0,24.0,2.0,1.0,2.0,9.0,61.0,29.0,1797.0,86.0,12.0,1.0,3.0,1.0,53.9659375,10,3300.016666666667,23.85,817.58,708,6,179.7,1608,10,1241,1,1
102,M,free,GET,PA,Windows NT 6.1; WOW64,0.0,0.0,2.0,11.0,0.0,17.0,5.0,0.0,0.0,0.0,1.0,1.0,0.0,158.0,6.0,0.0,0.0,1.0,0.0,64.68184027777778,8,203.65,16.333333333333332,83.97708333333334,44,5,19.75,157,2,152,0,0
103,F,paid,PUT,PA,Macintosh; Intel Mac OS X 10_9_4,1.0,1.0,9.0,45.0,13.0,14.0,14.0,1.0,1.0,1.0,5.0,42.0,25.0,1073.0,52.0,7.0,4.0,0.0,2.0,42.13234953703704,11,1775.0833333333333,0.0,401.67121212121214,448,6,107.3,981,6,834,1,1
104,F,free,GET,MT,Windows NT 6.1,0.0,0.0,17.0,82.0,24.0,23.0,21.0,2.0,0.0,3.0,9.0,43.0,23.0,1781.0,84.0,15.0,3.0,1.0,1.0,125.58270833333333,26,993.65,25.783333333333335,281.0339743589744,245,6,68.5,1571,17,1214,0,0
105,M,free,GET,IN,Windows NT 6.1; WOW64; rv:31.0,1.0,0.0,6.0,35.0,10.0,2.0,12.0,3.0,1.0,1.0,7.0,12.0,13.0,764.0,45.0,2.0,1.0,2.0,1.0,29.607175925925926,5,1163.6166666666666,58.96666666666667,651.4033333333333,277,14,152.8,723,4,624,1,1
106,F,free,PUT,CA,Macintosh; Intel Mac OS X 10_9_4,1.0,0.0,6.0,33.0,3.0,4.0,11.0,1.0,1.0,0.0,4.0,28.0,29.0,839.0,43.0,5.0,1.0,0.0,1.0,40.357511574074074,12,726.4833333333333,38.95,287.7625,179,9,69.91666666666667,778,8,653,1,1
107,F,paid,PUT,IL,Windows NT 6.1; WOW64; rv:31.0,0.0,0.0,2.0,11.0,0.0,19.0,5.0,1.0,0.0,0.0,1.0,10.0,2.0,246.0,14.0,0.0,4.0,0.0,0.0,74.21925925925926,4,673.45,43.31666666666667,256.31250000000006,162,11,61.5,239,4,224,0,0
108,F,free,GET,WV,Macintosh; Intel Mac OS X 10_9_4,0.0,0.0,6.0,29.0,2.0,19.0,9.0,2.0,0.0,1.0,6.0,15.0,15.0,633.0,20.0,5.0,1.0,0.0,1.0,62.23815972222222,6,1206.2333333333333,1.9666666666666666,432.8277777777778,297,1,105.5,598,7,509,0,0
109,F,free,GET,IL,Windows NT 6.1; WOW64; rv:31.0,0.0,1.0,5.0,34.0,12.0,7.0,12.0,1.0,0.0,1.0,6.0,16.0,12.0,717.0,23.0,10.0,3.0,0.0,1.0,87.99846064814815,12,967.4333333333333,20.7,246.33749999999998,232,6,59.75,689,4,580,0,0
11,F,free,PUT,MA,Windows NT 6.1; WOW64; Trident/7.0; rv:11.0,0.0,1.0,9.0,37.0,5.0,39.0,14.0,2.0,0.0,7.0,6.0,20.0,6.0,647.0,40.0,3.0,9.0,1.0,2.0,124.47825231481481,16,688.5,19.55,161.37708333333333,161,6,40.4375,616,5,534,0,0
110,M,paid,PUT,WI,Macintosh; Intel Mac OS X 10_8_5,0.0,0.0,2.0,10.0,0.0,17.0,2.0,0.0,0.0,1.0,1.0,3.0,7.0,178.0,14.0,0.0,0.0,0.0,0.0,68.3830787037037,5,445.8333333333333,2.9166666666666665,193.13666666666668,76,1,35.6,172,2,163,0,0
111,F,free,GET,MI,Windows NT 6.1; WOW64,0.0,0.0,6.0,24.0,6.0,3.0,6.0,0.0,0.0,1.0,1.0,21.0,23.0,698.0,34.0,3.0,1.0,2.0,1.0,82.22630787037038,7,1195.4,9.45,462.53809523809525,252,3,99.71428571428571,656,5,561,0,0
112,M,paid,GET,IN,Windows NT 6.1; WOW64; rv:31.0,0.0,0.0,3.0,16.0,0.0,21.0,3.0,3.0,0.0,1.0,4.0,7.0,7.0,215.0,9.0,1.0,2.0,0.0,0.0,87.46262731481481,10,319.68333333333334,0.0,84.45166666666667,81,7,23.88888888888889,211,2,195,0,0
113,F,free,PUT,SC,Macintosh; Intel Mac OS X 10_9_4,0.0,0.0,12.0,72.0,16.0,1.0,18.0,3.0,0.0,1.0,8.0,50.0,32.0,1585.0,82.0,7.0,4.0,3.0,1.0,123.53140046296296,24,745.5666666666667,0.0,273.5104166666667,181,4,68.91304347826087,1429,9,1111,0,0
114,M,free,PUT,NV,Windows NT 6.1; WOW64,0.0,0.0,12.0,66.0,8.0,9.0,17.0,0.0,0.0,4.0,3.0,34.0,13.0,1292.0,74.0,10.0,2.0,2.0,1.0,71.39887731481481,17,803.5666666666667,0.016666666666666666,318.0705882352941,190,9,80.75,1177,10,932,0,0
115,F,paid,GET,CA,Windows NT 6.1; WOW64; rv:31.0,0.0,0.0,24.0,56.0,21.0,11.0,15.0,6.0,0.0,5.0,14.0,42.0,39.0,1737.0,92.0,9.0,1.0,3.0,1.0,74.43959490740741,10,3715.3166666666666,96.96666666666667,713.7133333333334,900,23,173.7,1564,8,1212,0,0
116,F,free,PUT,MA,Macintosh; Intel Mac OS X 10_9_4,0.0,0.0,0.0,4.0,0.0,3.0,0.0,1.0,0.0,0.0,1.0,4.0,2.0,63.0,1.0,0.0,0.0,0.0,0.0,93.96927083333334,3,159.48333333333332,124.28333333333333,136.2,26,13,21.0,62,2,60,0,0
117,F,paid,GET,NY,Windows NT 6.1; WOW64,0.0,0.0,3.0,27.0,0.0,22.0,6.0,1.0,0.0,0.0,6.0,10.0,10.0,343.0,11.0,1.0,3.0,2.0,0.0,72.10061342592593,13,576.4833333333333,6.016666666666667,109.70384615384616,139,2,26.384615384615383,325,6,298,0,0
118,F,free,PUT,PA,Windows NT 6.2; WOW64,0.0,0.0,27.0,97.0,27.0,26.0,30.0,6.0,0.0,2.0,16.0,62.0,52.0,2376.0,127.0,14.0,3.0,2.0,1.0,63.12707175925926,24,1943.7333333333333,28.033333333333335,406.2569444444444,465,9,99.0,2064,16,1533,0,0
119,F,paid,GET,SC,Windows NT 6.2; WOW64,0.0,0.0,1.0,11.0,0.0,9.0,2.0,1.0,0.0,1.0,3.0,5.0,4.0,173.0,7.0,3.0,2.0,1.0,0.0,188.85927083333334,6,277.1333333333333,29.8,120.66944444444447,61,8,28.833333333333332,171,2,166,0,0
12,F,paid,PUT,CA,Windows NT 6.3; WOW64; rv:31.0,1.0,1.0,9.0,46.0,5.0,21.0,11.0,1.0,1.0,3.0,7.0,19.0,13.0,867.0,42.0,6.0,7.0,2.0,2.0,73.00452546296296,9,1420.4666666666667,31.1,457.5425925925926,288,10,96.33333333333333,817,6,697,1,1
120,F,free,GET,OK,Macintosh; Intel Mac OS X 10_9_4,0.0,0.0,13.0,51.0,19.0,1.0,19.0,1.0,0.0,5.0,9.0,44.0,22.0,1571.0,81.0,5.0,0.0,1.0,0.0,128.10019675925926,14,2710.6,16.166666666666668,464.0464285714285,648,5,112.21428571428571,1424,7,1117,0,0
121,M,free,PUT,CA,X11; Ubuntu; Linux x86_64; rv:31.0,1.0,0.0,8.0,39.0,4.0,28.0,18.0,3.0,1.0,2.0,11.0,20.0,20.0,726.0,28.0,3.0,3.0,0.0,1.0,131.43560185185186,13,930.5666666666667,1.45,225.61025641025643,232,1,55.84615384615385,681,4,587,1,1
122,F,paid,GET,AR,X11; Ubuntu; Linux i686; rv:31.0,1.0,0.0,1.0,6.0,0.0,2.0,1.0,0.0,1.0,0.0,1.0,1.0,1.0,41.0,3.0,0.0,2.0,0.0,1.0,52.81670138888889,4,114.73333333333333,0.016666666666666666,37.608333333333334,30,5,13.666666666666666,41,1,41,1,1
123,M,free,PUT,FL,iPhone; CPU iPhone OS 7_1 like Mac OS X,0.0,0.0,1.0,6.0,0.0,14.0,4.0,0.0,0.0,0.0,1.0,8.0,5.0,150.0,5.0,1.0,1.0,0.0,0.0,100.19100694444444,8,135.15,31.833333333333332,69.33749999999999,33,7,18.75,150,1,147,0,0
124,F,free,GET,NJ,Macintosh; Intel Mac OS X 10_9_4,0.0,0.0,41.0,176.0,41.0,4.0,59.0,6.0,0.0,7.0,20.0,118.0,74.0,4079.0,171.0,23.0,0.0,6.0,0.0,131.55591435185184,29,1770.6166666666666,0.0,578.9942528735631,434,3,145.67857142857142,3339,20,2232,0,0
125,M,paid,GET,TX,Macintosh; Intel Mac OS X 10_9_4,1.0,0.0,0.0,0.0,0.0,1.0,0.0,0.0,1.0,0.0,0.0,0.0,0.0,8.0,0.0,0.0,0.0,0.0,0.0,71.31688657407408,1,29.566666666666666,29.566666666666666,29.566666666666666,8,8,8.0,8,1,8,1,1
126,M,free,PUT,PA,Windows NT 6.1; WOW64,0.0,0.0,21.0,119.0,22.0,35.0,39.0,4.0,0.0,7.0,17.0,72.0,33.0,2577.0,135.0,15.0,3.0,2.0,1.0,62.09569444444445,30,1533.75,0.0,357.50500000000005,370,1,88.86206896551724,2229,19,1643,0,0
127,F,paid,GET,TX,Windows NT 6.3; WOW64,0.0,0.0,15.0,75.0,18.0,2.0,25.0,1.0,0.0,9.0,16.0,52.0,26.0,1779.0,93.0,12.0,0.0,2.0,0.0,75.88082175925926,17,1654.6666666666667,6.35,433.21274509803925,396,2,104.6470588235294,1587,10,1221,0,0
128,M,free,PUT,AK,Macintosh; Intel Mac OS X 10_9_3,0.0,0.0,18.0,78.0,14.0,11.0,25.0,1.0,0.0,3.0,11.0,53.0,28.0,1728.0,87.0,6.0,1.0,2.0,1.0,95.33168981481481,17,1817.3,0.0,416.6254901960784,450,7,108.0,1539,9,1163,0,0
129,M,free,GET,MI,Windows NT 6.3; WOW64,1.0,0.0,7.0,15.0,8.0,2.0,5.0,1.0,1.0,2.0,5.0,11.0,11.0,331.0,7.0,2.0,1.0,1.0,1.0,16.74056712962963,7,702.3833333333333,0.0,191.67619047619047,173,1,55.166666666666664,315,4,279,1,1
13,F,paid,PUT,MD,iPhone; CPU iPhone OS 7_1_2 like Mac OS X,0.0,2.0,14.0,75.0,8.0,74.0,35.0,4.0,0.0,6.0,14.0,37.0,32.0,1280.0,57.0,8.0,6.0,0.0,2.0,119.45459490740741,33,1236.1833333333334,5.033333333333333,154.60757575757577,300,2,38.78787878787879,1171,10,929,0,0
131,M,free,GET,VA,Macintosh; Intel Mac OS X 10_9_4,0.0,2.0,20.0,54.0,15.0,5.0,18.0,2.0,0.0,5.0,10.0,51.0,26.0,1564.0,72.0,13.0,1.0,4.0,1.0,120.89991898148148,19,855.6666666666666,0.0,340.22456140350874,206,2,92.0,1403,8,1100,0,0
132,F,free,PUT,CO,Macintosh; Intel Mac OS X 10_9_4,0.0,0.0,17.0,83.0,19.0,2.0,34.0,4.0,0.0,4.0,17.0,38.0,41.0,1928.0,96.0,16.0,1.0,3.0,1.0,66.8891087962963,16,1896.8833333333334,8.533333333333333,498.9510416666667,444,3,120.5,1718,11,1299,0,0
133,M,paid,PUT,CA,Windows NT 6.3; WOW64,0.0,0.0,0.0,3.0,0.0,1.0,2.0,0.0,0.0,0.0,0.0,3.0,1.0,32.0,2.0,0.0,0.0,0.0,0.0,39.88013888888889,1,173.86666666666667,173.86666666666667,173.86666666666667,32,32,32.0,32,1,32,0,0
134,M,free,GET,IN,Macintosh; Intel Mac OS X 10_9_4,0.0,0.0,1.0,3.0,0.0,3.0,1.0,0.0,0.0,0.0,1.0,2.0,0.0,37.0,3.0,0.0,1.0,0.0,0.0,65.16515046296297,4,54.43333333333333,5.716666666666667,35.4125,13,2,9.25,37,1,37,0,0
135,F,paid,GET,NV,Windows NT 6.1; WOW64,0.0,0.0,0.0,0.0,0.0,0.0,0.0,0.0,0.0,0.0,0.0,0.0,0.0,6.0,0.0,0.0,0.0,0.0,0.0,72.08957175925926,1,22.45,22.45,22.45,6,6,6.0,6,1,6,0,0
136,F,free,PUT,SC,Macintosh; Intel Mac OS X 10_9_4,0.0,0.0,15.0,86.0,21.0,13.0,28.0,1.0,0.0,7.0,12.0,66.0,60.0,2124.0,110.0,19.0,2.0,2.0,1.0,75.35636574074074,22,2262.8333333333335,0.0,434.6818181818182,512,1,106.2,1873,9,1395,0,0
137,M,paid,PUT,PA,Macintosh; Intel Mac OS X 10_9_4,0.0,0.0,1.0,12.0,0.0,10.0,5.0,0.0,0.0,0.0,1.0,4.0,8.0,154.0,8.0,1.0,4.0,0.0,1.0,123.35806712962963,3,462.55,19.383333333333333,211.2611111111111,113,6,51.333333333333336,153,2,143,0,0
138,M,free,GET,PA,iPad; CPU OS 7_1_1 like Mac OS X,0.0,0.0,24.0,71.0,21.0,17.0,18.0,4.0,0.0,8.0,17.0,67.0,41.0,2070.0,95.0,13.0,1.0,1.0,1.0,66.62668981481481,15,2386.4166666666665,21.716666666666665,564.2266666666667,580,5,138.0,1791,20,1332,0,0
139,M,free,GET,CA,iPhone; CPU iPhone OS 7_1 like Mac OS X,0.0,0.0,5.0,18.0,9.0,1.0,5.0,0.0,0.0,1.0,0.0,13.0,6.0,377.0,18.0,1.0,1.0,1.0,1.0,87.42347222222222,4,911.0166666666667,30.6,392.23749999999995,217,8,94.25,368,4,334,0,0
14,M,free,PUT,NY,Macintosh; Intel Mac OS X 10.9; rv:31.0,0.0,0.0,12.0,42.0,12.0,1.0,8.0,0.0,0.0,2.0,6.0,34.0,19.0,1230.0,54.0,10.0,0.0,2.0,0.0,132.54185185185185,11,1162.1333333333334,38.233333333333334,457.26363636363635,279,11,111.81818181818181,1128,7,904,0,0
140,F,paid,PUT,IN,Windows NT 6.1; WOW64,0.0,3.0,75.0,251.0,50.0,87.0,89.0,5.0,0.0,9.0,24.0,148.0,143.0,5664.0,277.0,34.0,10.0,7.0,4.0,80.60512731481481,71,2230.266666666667,0.0,328.0652582159624,552,1,84.53731343283582,4426,26,2819,0,0
141,F,free,GET,UT,Macintosh; Intel Mac OS X 10_9_2,0.0,1.0,5.0,39.0,5.0,11.0,13.0,0.0,0.0,1.0,3.0,27.0,17.0,929.0,42.0,5.0,3.0,0.0,1.0,75.39690972222222,11,1862.1333333333334,0.0,345.58636363636367,459,8,92.9,865,5,728,0,0
142,M,paid,GET,PA,Macintosh; Intel Mac OS X 10_9_4,0.0,0.0,13.0,76.0,22.0,3.0,22.0,3.0,0.0,1.0,14.0,50.0,28.0,1875.0,111.0,15.0,1.0,5.0,1.0,63.489328703703706,16,1333.4833333333333,83.46666666666667,492.16145833333337,305,21,117.1875,1666,11,1254,0,0
143,F,free,PUT,NC,Macintosh; Intel Mac OS X 10_9_4,1.0,0.0,0.0,12.0,0.0,15.0,0.0,1.0,1.0,0.0,3.0,2.0,6.0,101.0,5.0,1.0,1.0,0.0,0.0,61.73311342592593,6,204.65,15.033333333333333,67.85555555555555,48,5,16.833333333333332,99,2,98,1,1
144,M,paid,GET,AL,Macintosh; Intel Mac OS X 10_9_4,0.0,0.0,1.0,6.0,0.0,9.0,0.0,0.0,0.0,0.0,0.0,3.0,4.0,98.0,4.0,0.0,0.0,0.0,0.0,98.94381944444444,3,303.6333333333333,0.0,134.30555555555554,74,24,49.0,98,1,97,0,0
145,F,paid,PUT,PA,X11; Linux x86_64,0.0,0.0,8.0,42.0,12.0,0.0,15.0,3.0,0.0,3.0,12.0,27.0,34.0,1129.0,61.0,1.0,0.0,0.0,0.0,102.31814814814815,15,927.3333333333334,0.0,315.9122222222222,219,1,80.64285714285714,1040,11,868,0,0
146,M,free,GET,NC,Windows NT 6.1; WOW64,0.0,0.0,9.0,30.0,0.0,56.0,9.0,0.0,0.0,1.0,4.0,13.0,9.0,650.0,38.0,6.0,11.0,1.0,0.0,86.40864583333334,17,791.2,0.0,158.82450980392156,192,1,38.23529411764706,620,4,541,0,0
147,M,paid,PUT,SC,compatible; MSIE 9.0; Windows NT 6.1; WOW64; Trident/5.0,0.0,0.0,3.0,27.0,6.0,11.0,12.0,0.0,0.0,0.0,1.0,12.0,15.0,547.0,28.0,7.0,2.0,0.0,1.0,68.9053587962963,10,701.0,0.016666666666666666,224.04000000000002,165,7,60.77777777777778,521,3,466,0,0
148,M,free,GET,FL,Windows NT 6.1; WOW64; rv:31.0,0.0,0.0,3.0,26.0,0.0,32.0,9.0,0.0,0.0,1.0,3.0,5.0,7.0,398.0,28.0,3.0,3.0,0.0,0.0,70.12188657407407,12,532.1166666666667,16.716666666666665,132.35555555555555,129,5,33.166666666666664,382,4,350,0,0
149,M,free,PUT,TX,Macintosh; Intel Mac OS X 10_9_4,0.0,0.0,1.0,7.0,0.0,13.0,3.0,0.0,0.0,0.0,3.0,5.0,9.0,186.0,11.0,1.0,1.0,0.0,0.0,46.179710648148145,3,468.85,108.53333333333333,265.7277777777778,106,26,62.0,184,2,173,0,0
15,M,paid,GET,WV,Windows NT 6.1; WOW64,0.0,0.0,14.0,93.0,28.0,1.0,27.0,2.0,0.0,2.0,16.0,59.0,31.0,1914.0,81.0,8.0,0.0,2.0,0.0,56.513576388888886,15,1455.5666666666666,0.0,528.2833333333333,346,16,136.71428571428572,1707,11,1302,0,0
150,M,free,PUT,AZ,Macintosh; Intel Mac OS X 10_9_4,0.0,0.0,0.0,12.0,0.0,17.0,3.0,2.0,0.0,0.0,2.0,8.0,1.0,178.0,7.0,1.0,3.0,0.0,0.0,123.96466435185185,9,204.75,0.0,97.32592592592594,40,2,22.25,177,2,170,0,0
151,M,paid,PUT,WV,Macintosh; Intel Mac OS X 10_9_4,0.0,0.0,1.0,7.0,0.0,0.0,1.0,2.0,0.0,0.0,4.0,2.0,3.0,138.0,4.0,1.0,0.0,0.0,0.0,42.57099537037037,1,546.0166666666667,546.0166666666667,546.0166666666667,138,138,138.0,137,2,132,0,0
152,M,free,GET,CA,iPad; CPU OS 7_1_2 like Mac OS X,0.0,0.0,12.0,53.0,8.0,14.0,11.0,0.0,0.0,4.0,9.0,43.0,24.0,1409.0,81.0,9.0,2.0,2.0,1.0,31.03962962962963,20,1739.7833333333333,0.0,292.025,408,5,74.15789473684211,1259,9,982,0,0
153,M,paid,PUT,NC,Windows NT 6.1; WOW64,0.0,0.0,4.0,43.0,15.0,0.0,12.0,0.0,0.0,1.0,3.0,32.0,16.0,941.0,52.0,7.0,1.0,3.0,1.0,27.365162037037038,9,1763.3666666666666,31.633333333333333,437.12222222222226,424,8,104.55555555555556,866,7,723,0,0
154,F,paid,GET,PA,Windows NT 6.1; WOW64,0.0,0.0,0.0,6.0,0.0,10.0,2.0,0.0,0.0,0.0,0.0,1.0,3.0,84.0,11.0,1.0,0.0,0.0,0.0,23.872037037037035,3,168.1,68.55,110.68333333333332,44,19,28.0,83,2,78,0,0
155,F,free,GET,NH,Windows NT 6.1; WOW64,0.0,0.0,3.0,30.0,12.0,8.0,14.0,0.0,0.0,2.0,5.0,24.0,11.0,820.0,58.0,9.0,2.0,3.0,1.0,23.556018518518517,6,1100.0833333333333,127.63333333333334,548.5722222222222,269,33,136.66666666666666,759,8,643,0,0
156,M,free,PUT,PA,Windows NT 6.1; WOW64,0.0,0.0,0.0,1.0,0.0,1.0,0.0,0.0,0.0,0.0,1.0,0.0,0.0,3.0,0.0,0.0,0.0,0.0,0.0,0.31372685185185184,1,7.0,7.0,7.0,3,3,3.0,3,1,3,0,0
16,F,paid,PUT,NC,Windows NT 6.3; WOW64,0.0,0.0,4.0,26.0,7.0,12.0,9.0,0.0,0.0,1.0,2.0,19.0,10.0,675.0,42.0,8.0,3.0,0.0,1.0,80.40359953703704,9,853.45,8.066666666666666,312.7092592592592,197,2,75.0,643,5,550,0,0
17,F,paid,GET,MD,Windows NT 6.1; WOW64; rv:24.0,1.0,0.0,13.0,30.0,12.0,4.0,15.0,0.0,1.0,2.0,5.0,30.0,12.0,927.0,40.0,5.0,4.0,0.0,1.0,13.099016203703703,7,1546.4333333333334,9.933333333333334,601.25,324,2,132.42857142857142,875,4,741,1,1
18,M,free,PUT,KS,Macintosh; Intel Mac OS X 10_9_4,1.0,0.0,1.0,19.0,3.0,0.0,7.0,1.0,1.0,1.0,5.0,14.0,10.0,429.0,20.0,1.0,0.0,0.0,0.0,38.431990740740744,6,670.9333333333333,96.78333333333333,299.7444444444444,157,24,71.5,412,3,374,1,1
19,F,paid,GET,OH,Windows NT 6.1; WOW64; Trident/7.0; rv:11.0,0.0,0.0,2.0,11.0,2.0,0.0,8.0,0.0,0.0,2.0,1.0,8.0,4.0,216.0,5.0,0.0,0.0,0.0,0.0,21.451435185185186,1,904.8666666666667,904.8666666666667,904.8666666666667,216,216,216.0,209,3,197,0,0
2,F,free,GET,NC,Windows NT 6.1; WOW64,0.0,0.0,6.0,35.0,13.0,0.0,11.0,4.0,0.0,3.0,6.0,13.0,20.0,755.0,29.0,4.0,0.0,0.0,0.0,69.90317129629629,7,1506.0166666666667,14.75,445.0166666666667,359,5,107.85714285714286,713,5,587,0,0
20,F,free,PUT,FL,Windows NT 6.1; WOW64,0.0,2.0,21.0,77.0,15.0,20.0,23.0,4.0,0.0,1.0,13.0,54.0,25.0,1807.0,106.0,19.0,3.0,3.0,2.0,77.02128472222222,19,1716.4,0.0,392.9087719298246,404,2,100.38888888888889,1606,10,1216,0,0
200001,M,paid,PUT,WV,Windows NT 6.1; WOW64,1.0,0.0,1.0,10.0,0.0,3.0,4.0,2.0,1.0,0.0,6.0,3.0,0.0,115.0,10.0,1.0,1.0,0.0,0.0,15.909027777777778,6,231.13333333333333,0.0,83.70833333333334,53,7,28.75,114,2,110,1,1
200002,M,free,GET,WI,iPhone; CPU iPhone OS 7_1 like Mac OS X,0.0,0.0,6.0,20.0,5.0,7.0,5.0,0.0,0.0,3.0,3.0,8.0,4.0,387.0,21.0,2.0,2.0,0.0,1.0,70.07462962962963,6,497.45,12.1,266.4,120,4,64.5,378,2,339,0,0
200003,F,free,PUT,WI,Windows NT 6.1; WOW64,0.0,2.0,25.0,40.0,5.0,54.0,19.0,1.0,0.0,0.0,5.0,16.0,14.0,751.0,37.0,2.0,5.0,0.0,1.0,152.84206018518518,14,474.28333333333336,0.0,216.44523809523807,115,1,57.76923076923077,715,8,615,0,0
200004,M,free,GET,NC,Macintosh; Intel Mac OS X 10_9_4,0.0,0.0,54.0,69.0,28.0,1.0,25.0,7.0,0.0,3.0,18.0,67.0,21.0,1742.0,85.0,9.0,0.0,1.0,0.0,65.45400462962964,28,947.9,0.0,255.39464285714286,232,1,67.0,1567,8,1196,0,0
200005,M,free,PUT,SC,Macintosh; Intel Mac OS X 10_9_4,0.0,0.0,0.0,9.0,0.0,5.0,3.0,0.0,0.0,0.0,0.0,5.0,3.0,139.0,7.0,0.0,2.0,0.0,1.0,113.13180555555556,6,185.08333333333334,24.0,87.39722222222223,48,7,23.166666666666668,138,2,131,0,0
200006,F,paid,GET,CA,Macintosh; Intel Mac OS X 10_9_2,0.0,0.0,19.0,39.0,0.0,68.0,16.0,2.0,0.0,1.0,2.0,17.0,8.0,542.0,21.0,1.0,2.0,2.0,0.0,73.64201388888888,21,430.93333333333334,0.016666666666666666,101.85238095238095,107,1,25.80952380952381,514,6,450,0,0
200007,F,paid,PUT,PA,Macintosh; Intel Mac OS X 10_9_4,0.0,0.0,0.0,4.0,0.0,0.0,1.0,0.0,0.0,0.0,0.0,0.0,1.0,65.0,2.0,2.0,0.0,1.0,0.0,53.39774305555556,3,188.83333333333334,0.0,90.11111111111113,44,21,32.5,65,1,64,0,0
200008,F,free,GET,SC,Windows NT 6.1,0.0,0.0,52.0,71.0,24.0,4.0,22.0,2.0,0.0,9.0,10.0,45.0,27.0,1669.0,68.0,4.0,1.0,3.0,1.0,115.18381944444444,15,1206.3833333333334,17.183333333333334,452.27555555555557,297,5,111.26666666666667,1505,10,1159,0,0
200009,M,free,GET,IL,Windows NT 6.1; WOW64,0.0,1.0,32.0,40.0,5.0,33.0,18.0,1.0,0.0,0.0,8.0,27.0,20.0,963.0,41.0,7.0,1.0,0.0,1.0,58.83949074074074,15,783.65,0.0,267.12111111111113,179,1,64.2,897,10,746,0,0
200010,F,paid,PUT,ID,X11; Ubuntu; Linux x86_64; rv:31.0,0.0,0.0,7.0,14.0,0.0,17.0,9.0,0.0,0.0,0.0,1.0,5.0,8.0,237.0,14.0,1.0,3.0,1.0,0.0,38.142488425925926,6,262.0,0.016666666666666666,163.16388888888886,65,1,39.5,228,3,214,0,0
200011,M,paid,GET,IL,Macintosh; Intel Mac OS X 10_9_4,1.0,1.0,24.0,32.0,10.0,27.0,11.0,3.0,1.0,1.0,8.0,18.0,13.0,650.0,37.0,6.0,3.0,1.0,1.0,109.27394675925926,11,618.05,17.016666666666666,247.7848484848485,142,5,59.09090909090909,620,6,531,1,1
200012,M,free,PUT,WA,Windows NT 6.3; WOW64,0.0,0.0,1.0,1.0,0.0,8.0,1.0,0.0,0.0,0.0,1.0,0.0,3.0,66.0,3.0,0.0,0.0,0.0,0.0,65.71107638888888,2,165.51666666666668,100.7,133.10833333333335,41,25,33.0,66,1,66,0,0
200014,M,paid,PUT,WV,Macintosh; Intel Mac OS X 10_9_4,0.0,0.0,28.0,38.0,0.0,50.0,17.0,1.0,0.0,1.0,5.0,25.0,20.0,747.0,43.0,5.0,1.0,0.0,1.0,128.14015046296296,10,1486.8,16.883333333333333,307.81000000000006,351,6,74.7,696,4,592,0,0
200015,M,free,GET,CA,iPhone; CPU iPhone OS 7_1_2 like Mac OS X,1.0,0.0,10.0,18.0,0.0,22.0,7.0,1.0,1.0,0.0,4.0,13.0,2.0,258.0,10.0,1.0,0.0,1.0,0.0,87.6291550925926,11,401.1,0.0,90.13333333333333,103,1,25.8,252,2,233,1,1
200016,F,paid,GET,MD,Macintosh; Intel Mac OS X 10_9_4,1.0,0.0,5.0,12.0,0.0,18.0,3.0,0.0,1.0,0.0,0.0,3.0,0.0,206.0,19.0,0.0,0.0,0.0,0.0,55.76982638888889,7,392.5,13.666666666666666,120.28095238095239,94,2,29.428571428571427,201,3,188,1,1
200017,M,free,PUT,PA,Macintosh; Intel Mac OS X 10_9_4,1.0,0.0,16.0,27.0,4.0,9.0,11.0,0.0,1.0,0.0,4.0,11.0,8.0,493.0,29.0,2.0,2.0,1.0,1.0,60.986805555555556,12,1079.9166666666667,47.666666666666664,190.29305555555553,231,11,41.083333333333336,463,4,416,1,1
200018,M,paid,PUT,MD,iPhone; CPU iPhone OS 7_1_2 like Mac OS X,1.0,0.0,11.0,12.0,0.0,32.0,5.0,0.0,1.0,1.0,4.0,11.0,15.0,367.0,13.0,1.0,4.0,0.0,0.0,48.56862268518518,9,373.46666666666664,11.4,169.3074074074074,90,4,40.77777777777778,349,3,317,1,1
200019,M,paid,GET,CA,Macintosh; Intel Mac OS X 10_9_4,0.0,1.0,17.0,29.0,6.0,10.0,12.0,0.0,0.0,5.0,3.0,18.0,8.0,495.0,28.0,3.0,3.0,0.0,1.0,56.23005787037037,10,483.3833333333333,26.466666666666665,198.33666666666664,121,8,49.5,474,3,427,0,0
200020,M,free,GET,FL,Macintosh; Intel Mac OS X 10.9; rv:31.0,1.0,1.0,36.0,67.0,6.0,69.0,26.0,1.0,1.0,2.0,7.0,32.0,10.0,1169.0,56.0,7.0,6.0,0.0,1.0,75.99219907407408,36,625.8666666666667,0.0,130.1175925925926,151,1,33.4,1076,10,861,1,1
200021,F,free,PUT,MI,Macintosh; Intel Mac OS X 10.7; rv:31.0,1.0,0.0,35.0,54.0,26.0,11.0,20.0,2.0,1.0,3.0,9.0,30.0,19.0,1227.0,55.0,4.0,3.0,1.0,1.0,70.66457175925926,17,847.1833333333333,0.0,291.10588235294114,216,5,76.6875,1124,6,908,1,1
200022,M,free,GET,IL,Macintosh; Intel Mac OS X 10_7_5,0.0,0.0,10.0,19.0,0.0,34.0,11.0,0.0,0.0,0.0,2.0,5.0,6.0,348.0,16.0,2.0,2.0,1.0,0.0,88.70363425925926,8,651.9666666666667,15.6,184.43333333333334,152,5,43.5,332,3,308,0,0
200023,F,paid,PUT,PA,Windows NT 6.3; WOW64,0.0,2.0,73.0,153.0,44.0,116.0,55.0,3.0,0.0,6.0,17.0,73.0,66.0,2955.0,163.0,23.0,15.0,2.0,3.0,67.18055555555556,76,1015.5333333333333,0.0,166.02543859649123,230,1,41.041666666666664,2515,14,1756,0,0
200024,M,free,GET,KY,X11; Ubuntu; Linux x86_64; rv:31.0,1.0,0.0,13.0,21.0,4.0,27.0,7.0,2.0,1.0,0.0,5.0,15.0,9.0,417.0,19.0,4.0,5.0,1.0,1.0,28.42769675925926,8,579.0333333333333,52.166666666666664,211.70833333333334,142,16,52.125,402,4,368,1,1
200025,M,paid,PUT,CA,Windows NT 6.1; WOW64,0.0,1.0,27.0,45.0,11.0,37.0,12.0,0.0,0.0,2.0,3.0,16.0,24.0,790.0,48.0,2.0,5.0,1.0,2.0,116.9954861111111,14,616.4333333333333,0.0,228.55833333333337,149,14,71.81818181818181,736,4,627,0,0
21,M,free,PUT,IL,Windows NT 6.3; WOW64; rv:31.0,0.0,0.0,2.0,22.0,6.0,0.0,6.0,1.0,0.0,2.0,2.0,9.0,8.0,499.0,27.0,4.0,0.0,1.0,0.0,68.76866898148148,4,1185.5,175.23333333333332,499.7625,298,44,124.75,476,5,413,0,0
22,F,free,GET,IN,Windows NT 6.1; WOW64; Trident/7.0; rv:11.0,0.0,0.0,0.0,2.0,0.0,4.0,0.0,0.0,0.0,0.0,0.0,0.0,3.0,28.0,3.0,0.0,0.0,0.0,0.0,61.48951388888889,2,101.88333333333334,4.75,53.31666666666667,26,2,14.0,28,1,28,0,0
23,F,free,PUT,WI,Windows NT 6.1; WOW64,0.0,0.0,6.0,19.0,5.0,19.0,5.0,0.0,0.0,1.0,1.0,21.0,15.0,656.0,28.0,4.0,1.0,0.0,1.0,135.89708333333334,4,2374.633333333333,29.783333333333335,682.5541666666667,570,9,164.0,624,4,553,0,0
24,M,paid,GET,AL,Windows NT 6.3; WOW64,0.0,1.0,2.0,31.0,5.0,30.0,10.0,2.0,0.0,2.0,5.0,12.0,17.0,482.0,19.0,5.0,6.0,0.0,1.0,76.95898148148149,15,303.81666666666666,0.0,135.5011111111111,71,3,34.42857142857143,460,4,402,0,0
25,F,free,PUT,FL,Macintosh; Intel Mac OS X 10_9_4,0.0,1.0,17.0,85.0,11.0,27.0,27.0,2.0,0.0,1.0,11.0,61.0,41.0,1880.0,98.0,9.0,7.0,0.0,1.0,82.50391203703704,15,2460.2,0.0,519.721111111111,593,1,125.33333333333333,1642,9,1275,0,0
26,M,paid,GET,CA,Windows NT 6.1; WOW64; rv:31.0,0.0,0.0,1.0,17.0,0.0,22.0,6.0,0.0,0.0,0.0,4.0,8.0,6.0,255.0,12.0,4.0,1.0,0.0,1.0,77.53899305555555,8,385.3333333333333,27.383333333333333,192.50208333333333,69,2,31.875,251,2,229,0,0
27,M,free,GET,CT,Windows NT 6.3; WOW64,0.0,0.0,2.0,18.0,0.0,21.0,7.0,1.0,0.0,0.0,1.0,4.0,7.0,220.0,8.0,1.0,1.0,0.0,0.0,102.59481481481481,9,221.68333333333334,0.0,94.2962962962963,59,5,27.5,217,2,201,0,0
28,F,paid,PUT,OH,Windows NT 6.1; WOW64; Trident/7.0; rv:11.0,1.0,0.0,22.0,65.0,15.0,26.0,24.0,0.0,1.0,3.0,6.0,50.0,20.0,1457.0,79.0,7.0,3.0,1.0,1.0,44.31443287037037,21,1166.8166666666666,0.0,285.3984126984127,286,3,76.6842105263158,1323,8,1075,1,1
29,M,paid,PUT,CA,Macintosh; Intel Mac OS X 10_9_4,1.0,0.0,22.0,121.0,18.0,22.0,41.0,4.0,1.0,2.0,19.0,89.0,47.0,3028.0,154.0,28.0,5.0,0.0,1.0,60.104050925925925,34,2167.7833333333333,8.1,365.756862745098,532,3,89.05882352941177,2562,13,1804,1,1
3,M,free,PUT,MT,Windows NT 6.1; WOW64,1.0,0.0,3.0,8.0,2.0,1.0,3.0,0.0,1.0,1.0,0.0,4.0,1.0,214.0,14.0,1.0,0.0,0.0,0.0,80.89527777777778,4,546.0166666666667,87.08333333333333,247.425,115,22,53.5,211,3,197,1,1
30,M,free,GET,CA,Windows NT 6.1; WOW64; rv:31.0,0.0,1.0,17.0,70.0,6.0,72.0,20.0,1.0,0.0,3.0,13.0,47.0,25.0,1417.0,62.0,5.0,14.0,1.0,1.0,63.06664351851852,32,1089.0333333333333,0.0,183.59427083333333,265,1,50.607142857142854,1272,10,1018,0,0
300001,F,free,GET,CO,Windows NT 5.1,1.0,0.0,17.0,78.0,9.0,6.0,22.0,3.0,1.0,1.0,17.0,69.0,30.0,1749.0,148.0,11.0,2.0,3.0,1.0,188.3117824074074,19,1418.25,0.0,382.0526315789474,345,6,102.88235294117646,1567,7,1201,1,1
300002,F,paid,PUT,CA,Macintosh; Intel Mac OS X 10.9; rv:31.0,0.0,1.0,11.0,55.0,8.0,4.0,12.0,1.0,0.0,2.0,10.0,57.0,28.0,1610.0,140.0,16.0,3.0,1.0,2.0,124.38989583333333,18,2368.0666666666666,4.433333333333334,372.82500000000005,564,2,89.44444444444444,1420,11,1106,0,0
300003,M,free,GET,WA,Windows NT 6.1; WOW64; Trident/7.0; rv:11.0,0.0,0.0,0.0,1.0,0.0,2.0,1.0,0.0,0.0,0.0,0.0,1.0,0.0,27.0,2.0,1.0,0.0,0.0,0.0,99.22612268518519,1,104.85,104.85,104.85,27,27,27.0,27,1,26,0,0
300004,F,paid,PUT,CA,Windows NT 6.1,0.0,1.0,2.0,9.0,1.0,10.0,3.0,1.0,0.0,2.0,2.0,3.0,2.0,204.0,17.0,3.0,1.0,0.0,1.0,89.37314814814815,3,563.65,32.18333333333333,278.1222222222222,137,8,68.0,198,2,187,0,0
300005,F,free,PUT,VA,Macintosh; Intel Mac OS X 10.9; rv:31.0,0.0,0.0,4.0,15.0,0.0,2.0,3.0,0.0,0.0,1.0,0.0,9.0,8.0,312.0,35.0,2.0,1.0,1.0,1.0,157.05546296296296,6,603.7333333333333,27.65,211.75,147,9,52.0,305,3,288,0,0
300006,M,paid,GET,CT,Macintosh; Intel Mac OS X 10_7_5,0.0,0.0,3.0,17.0,2.0,14.0,7.0,0.0,0.0,1.0,2.0,7.0,17.0,279.0,23.0,3.0,3.0,0.0,1.0,89.53488425925926,5,596.3,64.85,219.87999999999997,149,17,55.8,273,2,257,0,0
300007,M,free,PUT,AZ,X11; Linux x86_64,1.0,0.0,1.0,3.0,2.0,2.0,0.0,1.0,1.0,0.0,1.0,4.0,4.0,111.0,11.0,1.0,0.0,0.0,0.0,11.553703703703704,1,464.03333333333336,464.03333333333336,464.03333333333336,111,111,111.0,111,1,107,1,1
300008,F,paid,GET,TN,iPhone; CPU iPhone OS 7_1 like Mac OS X,0.0,0.0,16.0,48.0,2.0,1.0,17.0,0.0,0.0,2.0,4.0,43.0,23.0,1393.0,111.0,9.0,0.0,3.0,0.0,90.50671296296296,18,1275.2333333333333,38.483333333333334,319.92499999999995,302,9,77.38888888888889,1255,10,1001,0,0
300009,F,paid,PUT,IL,Windows NT 6.1; WOW64,0.0,0.0,15.0,41.0,8.0,0.0,15.0,0.0,0.0,1.0,6.0,44.0,21.0,1427.0,132.0,7.0,1.0,2.0,1.0,101.22410879629629,18,1955.75,11.633333333333333,326.64444444444445,477,4,79.27777777777777,1302,7,1025,0,0
300010,M,paid,GET,TX,Macintosh; Intel Mac OS X 10_9_4,0.0,0.0,1.0,15.0,0.0,25.0,6.0,0.0,0.0,1.0,1.0,7.0,8.0,263.0,21.0,1.0,2.0,0.0,0.0,74.17873842592593,7,330.95,13.683333333333334,155.42857142857142,75,4,37.57142857142857,256,2,244,0,0
300011,F,free,GET,PA,compatible; MSIE 9.0; Windows NT 6.1; WOW64; Trident/5.0,0.0,1.0,41.0,193.0,32.0,21.0,57.0,0.0,0.0,25.0,24.0,146.0,93.0,4619.0,437.0,30.0,9.0,2.0,2.0,61.17638888888889,76,1405.8166666666666,0.0,252.3098684210526,334,1,63.273972602739725,3704,28,2491,0,0
300012,M,paid,PUT,FL,Windows NT 5.1,0.0,0.0,7.0,28.0,3.0,4.0,4.0,1.0,0.0,0.0,5.0,14.0,16.0,642.0,52.0,7.0,2.0,0.0,1.0,150.0044675925926,7,995.3166666666667,50.43333333333333,376.50714285714287,238,14,91.71428571428571,603,6,524,0,0
300013,M,free,GET,SC,X11; Linux x86_64,0.0,0.0,2.0,12.0,3.0,0.0,2.0,0.0,0.0,0.0,2.0,7.0,8.0,335.0,38.0,2.0,0.0,0.0,0.0,89.70524305555556,6,697.0666666666667,53.016666666666666,232.51666666666668,167,12,55.833333333333336,320,4,292,0,0
300014,M,free,PUT,CA,Windows NT 6.1; WOW64; rv:31.0,0.0,0.0,8.0,16.0,3.0,0.0,3.0,1.0,0.0,1.0,2.0,10.0,3.0,280.0,27.0,4.0,1.0,1.0,1.0,100.3783912037037,7,336.8,0.0,166.21428571428572,80,26,46.666666666666664,266,5,248,0,0
300015,M,paid,GET,TX,iPhone; CPU iPhone OS 7_1_2 like Mac OS X,0.0,1.0,17.0,103.0,22.0,6.0,29.0,5.0,0.0,4.0,16.0,64.0,47.0,2524.0,193.0,12.0,2.0,4.0,2.0,171.48203703703703,33,1539.95,23.55,381.9555555555555,306,6,76.48484848484848,2169,15,1601,0,0
300016,M,paid,PUT,WI,Windows NT 6.1; rv:31.0,0.0,0.0,4.0,25.0,5.0,2.0,9.0,2.0,0.0,5.0,4.0,26.0,11.0,583.0,56.0,0.0,1.0,1.0,1.0,100.83010416666667,13,473.75,0.016666666666666666,181.81025641025644,121,8,48.583333333333336,542,4,461,0,0
300017,F,free,GET,MI,Macintosh; Intel Mac OS X 10_10,0.0,0.0,28.0,151.0,25.0,11.0,41.0,3.0,0.0,3.0,23.0,113.0,63.0,3632.0,303.0,27.0,0.0,5.0,0.0,74.35851851851852,63,987.1666666666666,0.0,233.32407407407408,243,1,59.540983606557376,3013,25,2070,0,0
300018,M,paid,PUT,WI,Macintosh; Intel Mac OS X 10_9_4,0.0,0.0,24.0,84.0,9.0,3.0,24.0,2.0,0.0,3.0,12.0,58.0,35.0,1640.0,132.0,16.0,1.0,2.0,1.0,92.85342592592593,28,1280.85,0.0,243.46845238095233,286,1,63.07692307692308,1479,10,1170,0,0
300019,M,free,PUT,CA,Windows NT 6.1; WOW64,0.0,0.0,8.0,24.0,0.0,0.0,6.0,0.0,0.0,2.0,3.0,24.0,19.0,798.0,83.0,7.0,1.0,0.0,1.0,84.62292824074073,9,1587.5333333333333,26.15,367.47037037037035,385,8,88.66666666666667,758,5,650,0,0
300020,F,paid,GET,GA,Macintosh; Intel Mac OS X 10_9_4,0.0,0.0,1.0,7.0,1.0,0.0,3.0,0.0,0.0,0.0,2.0,10.0,8.0,242.0,18.0,2.0,0.0,2.0,0.0,48.58732638888889,3,752.75,109.8,330.63888888888886,184,25,80.66666666666667,238,2,220,0,0
300021,F,free,GET,NC,Macintosh; Intel Mac OS X 10_9_4,0.0,1.0,36.0,154.0,17.0,5.0,44.0,6.0,0.0,7.0,18.0,107.0,89.0,3816.0,336.0,16.0,1.0,5.0,1.0,69.41837962962963,58,1594.7166666666667,0.0,283.0060344827586,364,1,65.79310344827586,3195,22,2167,0,0
300022,M,paid,PUT,KY,X11; Linux x86_64,0.0,0.0,5.0,15.0,1.0,0.0,5.0,1.0,0.0,3.0,4.0,9.0,11.0,364.0,25.0,3.0,0.0,0.0,0.0,102.7619212962963,11,468.95,11.683333333333334,134.73030303030302,114,3,33.09090909090909,353,5,328,0,0
300023,F,free,PUT,NH,Windows NT 6.1; WOW64,0.0,1.0,16.0,64.0,12.0,2.0,19.0,1.0,0.0,6.0,14.0,63.0,31.0,1797.0,169.0,10.0,1.0,3.0,1.0,150.45563657407408,27,895.8833333333333,8.283333333333333,273.59753086419755,222,4,66.55555555555556,1603,14,1235,0,0
300024,F,paid,GET,AZ,Macintosh; Intel Mac OS X 10.9; rv:31.0,0.0,0.0,0.0,2.0,0.0,0.0,1.0,0.0,0.0,0.0,1.0,2.0,2.0,88.0,6.0,0.0,0.0,0.0,0.0,38.90083333333333,1,381.48333333333335,381.48333333333335,381.48333333333335,88,88,88.0,87,2,85,0,0
300025,M,paid,PUT,CA,Windows NT 6.1; WOW64; Trident/7.0; rv:11.0,0.0,0.0,13.0,47.0,7.0,2.0,18.0,2.0,0.0,1.0,7.0,42.0,17.0,1297.0,139.0,6.0,2.0,2.0,1.0,76.6900462962963,16,910.0166666666667,3.1666666666666665,327.2885416666667,225,2,81.0625,1182,9,955,0,0
32,M,free,GET,AZ,iPhone; CPU iPhone OS 7_1_2 like Mac OS X,1.0,0.0,1.0,3.0,2.0,3.0,1.0,0.0,1.0,0.0,0.0,7.0,0.0,80.0,7.0,0.0,1.0,0.0,1.0,21.590891203703702,3,171.76666666666668,46.61666666666667,108.85000000000001,42,13,26.666666666666668,80,1,76,1,1
33,M,free,GET,CT,Macintosh; Intel Mac OS X 10.9; rv:31.0,0.0,0.0,9.0,60.0,16.0,1.0,21.0,2.0,0.0,1.0,11.0,33.0,31.0,1257.0,79.0,7.0,0.0,1.0,0.0,162.89256944444443,12,1434.8333333333333,12.35,427.19305555555565,341,4,104.75,1147,7,921,0,0
34,M,paid,PUT,FL,Macintosh; Intel Mac OS X 10_9_4,0.0,0.0,0.0,8.0,0.0,3.0,3.0,0.0,0.0,0.0,0.0,4.0,0.0,53.0,2.0,0.0,0.0,0.0,0.0,71.14295138888889,3,76.56666666666666,52.6,68.42222222222222,20,14,17.666666666666668,53,1,53,0,0
35,F,free,GET,WV,Macintosh; Intel Mac OS X 10_9_4,0.0,2.0,14.0,90.0,10.0,55.0,25.0,1.0,0.0,5.0,7.0,64.0,31.0,1610.0,71.0,9.0,6.0,3.0,2.0,75.46339120370371,38,1073.0833333333333,0.0,174.0592105263158,253,1,44.72222222222222,1440,11,1098,0,0
36,F,free,PUT,WI,Windows NT 6.1; WOW64,0.0,0.0,12.0,43.0,3.0,34.0,17.0,0.0,0.0,1.0,4.0,23.0,35.0,1158.0,53.0,7.0,7.0,1.0,1.0,108.1974537037037,20,1657.7166666666667,0.0,233.38916666666668,408,1,64.33333333333333,1055,10,860,0,0
37,M,free,PUT,TX,Windows NT 6.1; WOW64,0.0,0.0,11.0,58.0,13.0,4.0,13.0,3.0,0.0,4.0,9.0,37.0,33.0,1412.0,75.0,5.0,1.0,3.0,1.0,94.56951388888889,15,1325.9666666666667,0.0,392.8111111111111,300,2,100.85714285714286,1275,9,1017,0,0
38,M,paid,GET,PA,Macintosh; Intel Mac OS X 10_9_4,0.0,1.0,21.0,58.0,9.0,2.0,14.0,1.0,0.0,1.0,7.0,30.0,21.0,1322.0,65.0,12.0,2.0,3.0,1.0,75.06532407407407,16,1179.95,25.716666666666665,342.2875,281,6,82.625,1192,7,939,0,0
39,F,free,GET,CA,Windows NT 6.1; WOW64,0.0,3.0,69.0,355.0,73.0,128.0,124.0,6.0,0.0,16.0,35.0,240.0,122.0,8002.0,388.0,46.0,14.0,7.0,4.0,168.92145833333333,107,2007.8666666666666,0.0,306.6059190031153,494,1,77.68932038834951,5946,38,3544,0,0
4,M,free,PUT,MD,Windows NT 6.0; rv:31.0,0.0,0.0,26.0,80.0,21.0,4.0,24.0,2.0,0.0,6.0,10.0,59.0,46.0,2048.0,95.0,12.0,4.0,4.0,1.0,62.79774305555556,22,1836.25,3.8666666666666667,379.3386363636364,439,2,93.0909090909091,1799,10,1342,0,0
40,F,free,PUT,TX,Windows NT 6.3; WOW64; rv:31.0,0.0,0.0,11.0,45.0,2.0,23.0,13.0,2.0,0.0,2.0,7.0,39.0,23.0,1078.0,66.0,9.0,1.0,0.0,1.0,78.96927083333334,17,797.4833333333333,9.383333333333333,251.47058823529412,195,3,63.411764705882355,1004,7,825,0,0
41,F,paid,GET,NH,compatible; MSIE 9.0; Windows NT 6.1; WOW64; Trident/5.0,0.0,0.0,10.0,64.0,23.0,1.0,20.0,3.0,0.0,3.0,9.0,61.0,36.0,1894.0,76.0,19.0,0.0,1.0,0.0,110.77247685185185,12,2278.2,0.016666666666666666,657.6722222222222,551,1,157.83333333333334,1699,9,1319,0,0
42,F,free,PUT,VA,Windows NT 6.1,0.0,0.0,25.0,176.0,37.0,10.0,44.0,7.0,0.0,6.0,28.0,104.0,52.0,3573.0,166.0,20.0,1.0,7.0,1.0,67.11364583333334,47,1104.0,0.0,329.5627659574468,266,1,87.14634146341463,2961,19,2073,0,0
43,F,free,GET,NH,Macintosh; Intel Mac OS X 10_8_5,0.0,0.0,2.0,14.0,0.0,18.0,4.0,0.0,0.0,0.0,5.0,4.0,3.0,177.0,12.0,0.0,1.0,0.0,0.0,65.93375,4,493.51666666666665,55.75,212.31666666666666,106,9,44.25,171,4,164,0,0
44,F,paid,GET,CT,Macintosh; Intel Mac OS X 10_9_2,0.0,0.0,2.0,15.0,1.0,0.0,6.0,1.0,0.0,3.0,4.0,10.0,8.0,429.0,25.0,6.0,1.0,0.0,1.0,37.099016203703705,3,1476.7166666666667,80.86666666666666,586.3388888888888,361,19,143.0,410,4,371,0,0
45,F,free,PUT,GA,Windows NT 6.3; WOW64,0.0,0.0,13.0,65.0,18.0,13.0,19.0,4.0,0.0,3.0,15.0,43.0,22.0,1484.0,67.0,5.0,4.0,0.0,1.0,81.08318287037036,16,1545.8,0.0,379.7854166666666,373,3,98.93333333333334,1350,9,1057,0,0
46,F,paid,PUT,CA,Macintosh; Intel Mac OS X 10_9_4,0.0,0.0,11.0,47.0,6.0,13.0,13.0,2.0,0.0,3.0,10.0,30.0,18.0,918.0,44.0,3.0,1.0,0.0,1.0,63.271076388888886,10,947.4166666666666,67.56666666666666,378.0466666666667,238,18,91.8,847,6,710,0,0
47,M,free,GET,AL,Macintosh; Intel Mac OS X 10.6; rv:31.0,0.0,0.0,2.0,11.0,0.0,15.0,4.0,0.0,0.0,0.0,3.0,3.0,0.0,202.0,10.0,1.0,0.0,0.0,0.0,131.6851736111111,9,278.55,0.0,87.27962962962964,65,2,25.25,200,2,192,0,0
49,M,paid,PUT,CA,Windows NT 5.1,0.0,1.0,7.0,49.0,14.0,11.0,10.0,3.0,0.0,0.0,6.0,28.0,22.0,878.0,47.0,8.0,2.0,4.0,1.0,107.2444675925926,10,1111.4166666666667,3.0166666666666666,356.3566666666667,266,2,87.8,813,5,684,0,0
5,M,free,GET,AZ,Windows NT 6.1; WOW64,0.0,0.0,0.0,14.0,0.0,11.0,4.0,1.0,0.0,0.0,1.0,8.0,3.0,161.0,11.0,2.0,2.0,0.0,0.0,48.39195601851852,6,219.73333333333332,0.016666666666666666,106.19166666666666,54,13,32.2,159,2,154,0,0
50,F,free,PUT,IA,Windows NT 6.1; WOW64,0.0,0.0,3.0,25.0,2.0,37.0,6.0,3.0,0.0,2.0,9.0,12.0,9.0,503.0,27.0,7.0,3.0,2.0,1.0,75.44710648148148,8,533.2,21.316666666666666,264.275,125,7,62.875,476,3,423,0,0
51,M,paid,GET,KY,Windows NT 6.1; WOW64,1.0,0.0,21.0,75.0,23.0,0.0,24.0,1.0,1.0,2.0,12.0,52.0,28.0,2111.0,100.0,12.0,0.0,1.0,0.0,19.455844907407407,10,2069.383333333333,67.06666666666666,872.3566666666668,497,16,211.1,1854,14,1385,1,1
52,F,free,GET,GA,Windows NT 6.1; WOW64; rv:31.0,0.0,0.0,9.0,54.0,10.0,29.0,20.0,2.0,0.0,4.0,11.0,33.0,40.0,1086.0,54.0,7.0,3.0,0.0,1.0,102.24886574074074,15,1291.9666666666667,0.016666666666666666,333.0155555555555,298,1,72.4,996,6,809,0,0
53,M,paid,PUT,MS,Macintosh; Intel Mac OS X 10_9_2,1.0,0.0,16.0,63.0,13.0,25.0,19.0,3.0,1.0,4.0,14.0,46.0,25.0,1746.0,69.0,11.0,5.0,2.0,1.0,53.01773148148148,22,1567.45,0.0,321.8924242424243,384,1,83.14285714285714,1576,9,1198,1,1
54,F,paid,GET,WA,Windows NT 6.1; WOW64; rv:32.0,1.0,1.0,29.0,129.0,39.0,47.0,36.0,3.0,1.0,5.0,17.0,72.0,33.0,2841.0,163.0,17.0,1.0,1.0,1.0,110.75168981481481,37,2043.2,0.0,322.28963963963963,498,4,81.17142857142858,2414,15,1744,1,1
55,M,free,PUT,NV,Macintosh; Intel Mac OS X 10_9_4,0.0,0.0,5.0,20.0,0.0,29.0,6.0,0.0,0.0,1.0,1.0,13.0,8.0,381.0,17.0,4.0,2.0,1.0,1.0,71.66560185185185,11,984.4666666666667,16.05,162.34545454545457,204,5,34.63636363636363,369,3,343,0,0
56,M,paid,GET,LA,Macintosh; Intel Mac OS X 10_9_4,0.0,0.0,7.0,49.0,10.0,19.0,12.0,4.0,0.0,5.0,9.0,20.0,21.0,734.0,49.0,9.0,5.0,1.0,1.0,67.95305555555555,21,596.2333333333333,0.0,140.4714285714286,150,3,36.7,689,7,571,0,0
57,M,free,PUT,CA,Macintosh; Intel Mac OS X 10_9_4,0.0,0.0,2.0,4.0,0.0,6.0,2.0,1.0,0.0,0.0,1.0,0.0,0.0,92.0,3.0,1.0,0.0,0.0,0.0,87.79336805555556,2,192.91666666666666,152.28333333333333,172.6,51,41,46.0,90,2,89,0,0
58,M,free,PUT,AL,Windows NT 6.3; WOW64,1.0,0.0,20.0,69.0,18.0,11.0,21.0,2.0,1.0,0.0,11.0,50.0,19.0,1694.0,94.0,13.0,2.0,0.0,1.0,26.22980324074074,12,1421.4333333333334,20.883333333333333,581.7902777777778,350,6,141.16666666666666,1503,9,1159,1,1
59,M,paid,GET,CO,Windows NT 6.1; WOW64; rv:31.0,0.0,1.0,9.0,33.0,9.0,11.0,9.0,0.0,0.0,0.0,4.0,14.0,16.0,724.0,30.0,3.0,3.0,4.0,2.0,64.60553240740741,7,1024.25,0.0,457.2809523809524,228,37,120.66666666666667,680,4,578,0,0
6,M,paid,GET,TX,Macintosh; Intel Mac OS X 10_9_4,0.0,0.0,31.0,132.0,41.0,9.0,48.0,2.0,0.0,3.0,17.0,83.0,41.0,3159.0,165.0,24.0,1.0,4.0,1.0,256.3776736111111,24,1913.4166666666667,0.0,547.6625,469,2,143.5909090909091,2678,15,1868,0,0
60,M,free,PUT,AZ,Macintosh; Intel Mac OS X 10.8; rv:31.0,0.0,0.0,9.0,66.0,21.0,3.0,18.0,0.0,0.0,3.0,6.0,58.0,27.0,1644.0,84.0,7.0,1.0,2.0,1.0,71.48456018518519,18,992.2333333333333,7.716666666666667,380.7148148148148,236,3,91.33333333333333,1477,11,1137,0,0
61,M,paid,GET,CA,iPhone; CPU iPhone OS 7_1_1 like Mac OS X,0.0,2.0,11.0,75.0,10.0,49.0,22.0,1.0,0.0,1.0,9.0,50.0,26.0,1622.0,78.0,10.0,6.0,2.0,2.0,72.211875,19,2524.6833333333334,25.166666666666668,431.64649122807015,525,6,85.36842105263158,1440,13,1093,0,0
62,M,free,PUT,TX,Windows NT 6.1; WOW64; rv:31.0,0.0,0.0,21.0,61.0,9.0,1.0,20.0,2.0,0.0,3.0,11.0,39.0,34.0,1591.0,77.0,10.0,0.0,4.0,0.0,134.06662037037037,8,2230.3166666666666,0.13333333333333333,816.8979166666667,548,1,198.875,1422,9,1101,0,0
63,F,paid,PUT,WI,Windows NT 6.1; WOW64,0.0,0.0,3.0,2.0,0.0,5.0,0.0,1.0,0.0,0.0,1.0,1.0,0.0,87.0,6.0,0.0,1.0,0.0,0.0,39.33960648148148,1,383.1333333333333,383.1333333333333,383.1333333333333,87,87,87.0,86,2,83,0,0
64,M,free,GET,TX,Macintosh; Intel Mac OS X 10_9_4,0.0,0.0,0.0,7.0,0.0,1.0,3.0,0.0,0.0,0.0,0.0,1.0,5.0,46.0,4.0,1.0,0.0,0.0,0.0,49.15244212962963,3,127.23333333333333,0.11666666666666667,59.99444444444445,31,1,15.333333333333334,46,1,46,0,0
65,M,free,PUT,NH,X11; Linux x86_64; rv:31.0,0.0,0.0,17.0,80.0,20.0,8.0,21.0,7.0,0.0,6.0,23.0,68.0,53.0,2113.0,111.0,13.0,3.0,0.0,1.0,71.10780092592593,23,1465.15,0.0,384.1746376811594,348,1,96.04545454545455,1837,11,1377,0,0
66,F,free,GET,CA,Windows NT 6.1; WOW64; rv:31.0,0.0,0.0,8.0,44.0,9.0,35.0,19.0,2.0,0.0,0.0,5.0,38.0,24.0,1045.0,52.0,3.0,3.0,0.0,1.0,125.62591435185185,21,861.3166666666667,0.016666666666666666,202.44523809523812,215,8,52.25,980,8,806,0,0
67,M,paid,PUT,CA,Macintosh; Intel Mac OS X 10_10,0.0,0.0,10.0,39.0,13.0,17.0,16.0,1.0,0.0,3.0,9.0,37.0,14.0,1098.0,54.0,8.0,2.0,0.0,1.0,138.89282407407407,13,1018.2166666666667,0.0,347.4256410256411,252,13,91.5,1012,7,824,0,0
68,F,paid,GET,IN,Macintosh; Intel Mac OS X 10_9_4,0.0,0.0,0.0,3.0,0.0,4.0,2.0,0.0,0.0,0.0,0.0,0.0,7.0,29.0,2.0,0.0,1.0,0.0,0.0,100.0112962962963,2,93.95,33.53333333333333,63.74166666666667,23,6,14.5,29,1,29,0,0
69,F,free,GET,WI,Windows NT 6.1; WOW64,0.0,0.0,9.0,49.0,9.0,3.0,10.0,1.0,0.0,3.0,3.0,33.0,12.0,1125.0,72.0,7.0,1.0,4.0,1.0,71.42444444444445,9,1263.7833333333333,11.483333333333333,526.6851851851852,299,4,125.0,1036,8,865,0,0
7,M,paid,PUT,WA,Windows NT 6.1; rv:31.0,0.0,0.0,1.0,10.0,0.0,16.0,3.0,1.0,0.0,0.0,3.0,5.0,1.0,150.0,7.0,1.0,2.0,1.0,0.0,72.77818287037037,7,311.3,4.066666666666666,87.64047619047619,72,2,21.428571428571427,148,2,142,0,0
70,M,paid,PUT,MS,Windows NT 6.1; WOW64,1.0,0.0,12.0,53.0,13.0,4.0,17.0,4.0,1.0,2.0,7.0,41.0,26.0,1490.0,90.0,9.0,2.0,2.0,1.0,145.73800925925926,18,855.6,22.7,339.71296296296293,201,6,82.77777777777777,1335,10,1062,1,1
71,M,free,GET,FL,Macintosh; Intel Mac OS X 10.9; rv:31.0,0.0,0.0,4.0,12.0,3.0,6.0,5.0,0.0,0.0,1.0,0.0,5.0,9.0,264.0,14.0,1.0,3.0,1.0,1.0,52.761180555555555,4,639.35,75.65,267.4916666666667,152,22,66.0,258,3,248,0,0
72,F,free,GET,FL,Macintosh; Intel Mac OS X 10_7_5,0.0,0.0,1.0,5.0,0.0,10.0,1.0,0.0,0.0,0.0,0.0,3.0,3.0,85.0,6.0,0.0,2.0,1.0,0.0,124.55060185185185,1,334.31666666666666,334.31666666666666,334.31666666666666,85,85,85.0,85,1,82,0,0
73,F,paid,PUT,NY,Windows NT 6.1; WOW64; rv:31.0,1.0,0.0,7.0,15.0,1.0,1.0,7.0,1.0,1.0,1.0,2.0,11.0,11.0,377.0,14.0,4.0,1.0,1.0,1.0,49.76208333333334,6,551.3833333333333,30.616666666666667,259.09166666666664,139,6,62.833333333333336,363,3,334,1,1
74,F,paid,PUT,FL,Macintosh; Intel Mac OS X 10_9_4,0.0,1.0,25.0,84.0,31.0,22.0,25.0,1.0,0.0,4.0,17.0,80.0,43.0,2400.0,135.0,13.0,3.0,1.0,2.0,71.22346064814815,23,1121.4666666666667,0.0,432.6884057971014,275,3,109.0909090909091,2071,13,1557,0,0
75,F,free,GET,NY,Windows NT 5.1,0.0,0.0,4.0,22.0,8.0,1.0,5.0,0.0,0.0,3.0,3.0,27.0,21.0,812.0,48.0,2.0,0.0,1.0,0.0,68.92494212962963,8,1387.55,109.31666666666666,416.3499999999999,338,29,101.5,750,5,646,0,0
76,M,free,GET,CA,Macintosh; Intel Mac OS X 10_9_4,0.0,0.0,2.0,12.0,0.0,15.0,6.0,0.0,0.0,1.0,0.0,4.0,3.0,212.0,13.0,2.0,1.0,1.0,0.0,56.86383101851852,6,391.7,98.38333333333334,240.54722222222222,58,15,35.333333333333336,208,2,196,0,0
77,F,free,PUT,FL,Windows NT 6.1; WOW64,0.0,1.0,4.0,54.0,9.0,6.0,15.0,0.0,0.0,6.0,2.0,23.0,8.0,1047.0,46.0,5.0,2.0,0.0,1.0,65.07229166666667,8,1856.0833333333333,0.0,545.6729166666667,437,27,149.57142857142858,971,5,808,0,0
78,F,paid,PUT,TX,Windows NT 6.1; WOW64,0.0,0.0,3.0,16.0,0.0,16.0,9.0,0.0,0.0,0.0,2.0,9.0,2.0,254.0,11.0,1.0,1.0,0.0,0.0,60.588310185185186,9,254.46666666666667,7.033333333333333,113.32407407407408,64,3,28.22222222222222,249,2,226,0,0
79,M,free,GET,MD,iPhone; CPU iPhone OS 7_1_2 like Mac OS X,0.0,0.0,2.0,14.0,2.0,17.0,4.0,1.0,0.0,2.0,1.0,6.0,3.0,251.0,13.0,0.0,4.0,0.0,1.0,76.06190972222223,5,463.73333333333335,41.31666666666667,207.91,112,10,50.2,239,3,226,0,0
8,F,paid,PUT,IL,Windows NT 6.1; WOW64,0.0,0.0,3.0,21.0,0.0,18.0,8.0,0.0,0.0,1.0,0.0,6.0,5.0,251.0,16.0,0.0,3.0,2.0,0.0,114.99788194444444,7,488.35,13.45,146.88095238095238,117,4,35.857142857142854,244,2,230,0,0
80,F,paid,GET,CA,Macintosh; Intel Mac OS X 10_9_4,0.0,0.0,4.0,23.0,0.0,22.0,8.0,1.0,0.0,2.0,6.0,13.0,9.0,367.0,11.0,4.0,4.0,0.0,0.0,58.53869212962963,12,390.2,6.4,123.2013888888889,94,2,30.583333333333332,353,4,326,0,0
81,M,free,PUT,MD,Macintosh; Intel Mac OS X 10_9_4,0.0,1.0,14.0,78.0,26.0,7.0,21.0,7.0,0.0,3.0,21.0,51.0,23.0,1974.0,94.0,12.0,1.0,1.0,1.0,98.71303240740741,19,1661.6833333333334,28.683333333333334,432.82719298245615,400,7,103.89473684210526,1749,11,1307,0,0
82,F,paid,GET,KS,Macintosh; Intel Mac OS X 10_9_4,0.0,0.0,20.0,78.0,13.0,15.0,22.0,0.0,0.0,3.0,11.0,53.0,29.0,1705.0,84.0,9.0,4.0,2.0,1.0,74.40032407407408,17,1894.6,0.0,414.72941176470584,461,5,106.5625,1534,8,1173,0,0
83,M,paid,PUT,AK,X11; Linux x86_64,0.0,0.0,10.0,58.0,14.0,19.0,13.0,2.0,0.0,1.0,11.0,28.0,18.0,1235.0,69.0,10.0,4.0,3.0,1.0,124.14094907407407,28,740.35,0.0,179.12678571428572,181,5,45.74074074074074,1132,7,926,0,0
84,F,paid,GET,NC,Windows NT 6.1; WOW64; Trident/7.0; rv:11.0,0.0,0.0,0.0,4.0,0.0,10.0,3.0,0.0,0.0,0.0,0.0,2.0,0.0,73.0,4.0,1.0,0.0,0.0,0.0,52.468148148148146,3,140.61666666666667,45.11666666666667,95.5,34,13,24.333333333333332,71,3,69,0,0
85,M,free,PUT,CA,Macintosh; Intel Mac OS X 10_9_4,0.0,2.0,38.0,157.0,42.0,33.0,54.0,3.0,0.0,6.0,25.0,108.0,58.0,3616.0,192.0,24.0,7.0,2.0,3.0,109.60453703703703,41,2186.0,0.0,370.84634146341466,513,2,90.4,3069,18,2124,0,0
86,M,free,GET,FL,Windows NT 6.1; WOW64; rv:31.0,0.0,0.0,8.0,36.0,6.0,9.0,12.0,2.0,0.0,1.0,11.0,20.0,18.0,650.0,34.0,8.0,1.0,1.0,1.0,135.0992476851852,10,826.05,14.216666666666667,263.5533333333334,206,4,65.0,625,3,543,0,0
87,M,free,GET,MO,Windows NT 6.1; WOW64,1.0,0.0,5.0,56.0,1.0,50.0,19.0,0.0,1.0,1.0,8.0,19.0,27.0,767.0,32.0,8.0,7.0,0.0,1.0,59.125856481481485,25,410.23333333333335,1.0333333333333334,125.62066666666668,93,1,30.68,725,5,622,1,1
88,F,paid,PUT,AL,Windows NT 6.1; WOW64; rv:31.0,0.0,0.0,20.0,85.0,18.0,23.0,26.0,2.0,0.0,7.0,14.0,58.0,28.0,2045.0,122.0,14.0,1.0,1.0,1.0,76.18290509259259,26,1348.6833333333334,3.2333333333333334,329.9262820512821,311,1,78.65384615384616,1808,12,1358,0,0
89,M,paid,PUT,GA,Windows NT 6.1; WOW64,0.0,0.0,6.0,27.0,2.0,13.0,7.0,3.0,0.0,2.0,10.0,12.0,14.0,667.0,30.0,5.0,2.0,0.0,1.0,69.41987268518518,5,1706.55,50.28333333333333,550.9599999999999,415,12,133.4,626,8,545,0,0
9,M,free,GET,NH,Windows NT 6.1; WOW64,0.0,1.0,32.0,117.0,32.0,16.0,34.0,1.0,0.0,9.0,12.0,77.0,40.0,2676.0,118.0,15.0,6.0,3.0,2.0,60.832430555555554,31,851.4,0.0,352.5768817204301,211,11,89.2,2300,14,1672,0,0
90,M,paid,GET,WA,Macintosh; Intel Mac OS X 10_9_4,0.0,0.0,0.0,2.0,0.0,3.0,1.0,0.0,0.0,0.0,0.0,0.0,0.0,37.0,0.0,2.0,0.0,0.0,0.0,101.98753472222222,5,74.38333333333334,0.0,29.706666666666667,19,2,9.25,37,1,37,0,0
91,M,paid,PUT,CT,Windows NT 6.3; WOW64; rv:31.0,0.0,0.0,24.0,90.0,22.0,5.0,31.0,1.0,0.0,5.0,12.0,64.0,42.0,2580.0,124.0,9.0,1.0,3.0,1.0,116.02526620370371,9,4455.083333333333,62.5,1179.8999999999999,1093,17,286.6666666666667,2218,16,1618,0,0
92,F,free,PUT,NH,iPad; CPU OS 7_1_2 like Mac OS X,0.0,1.0,72.0,266.0,68.0,85.0,78.0,10.0,0.0,21.0,52.0,181.0,110.0,5945.0,292.0,40.0,5.0,3.0,1.0,83.52885416666666,86,1890.35,0.0,284.71220930232556,450,1,70.77380952380952,4622,25,2904,0,0
93,M,free,GET,NJ,compatible; MSIE 10.0; Windows NT 6.1; WOW64; Trident/6.0,0.0,0.0,4.0,31.0,3.0,43.0,10.0,1.0,0.0,2.0,5.0,17.0,13.0,640.0,35.0,7.0,3.0,0.0,1.0,71.03246527777777,12,508.03333333333336,2.283333333333333,216.60000000000002,128,2,53.333333333333336,601,9,509,0,0
94,F,paid,PUT,IA,Windows NT 6.2; WOW64,0.0,0.0,1.0,12.0,0.0,12.0,3.0,1.0,0.0,1.0,2.0,3.0,1.0,146.0,4.0,0.0,1.0,0.0,0.0,132.30824074074073,6,256.2,19.966666666666665,100.79722222222222,58,5,24.333333333333332,143,2,139,0,0
95,F,free,GET,AZ,Macintosh; Intel Mac OS X 10.9; rv:31.0,0.0,1.0,25.0,67.0,15.0,50.0,28.0,0.0,0.0,4.0,10.0,46.0,32.0,1694.0,91.0,18.0,5.0,5.0,0.0,62.26634259259259,33,1163.0666666666666,0.0,211.61464646464646,276,1,54.645161290322584,1502,13,1153,0,0
96,F,paid,PUT,NJ,Macintosh; Intel Mac OS X 10_9_4,0.0,1.0,24.0,71.0,20.0,17.0,24.0,1.0,0.0,3.0,13.0,52.0,40.0,1802.0,92.0,9.0,4.0,2.0,1.0,73.93668981481481,19,2132.5333333333333,1.5333333333333334,392.369298245614,516,1,94.84210526315789,1624,13,1237,0,0
97,F,paid,GET,CA,Windows NT 5.1,0.0,0.0,12.0,100.0,17.0,24.0,34.0,2.0,0.0,5.0,12.0,61.0,32.0,1975.0,108.0,17.0,3.0,1.0,1.0,87.39342592592592,30,1695.0833333333333,0.26666666666666666,268.33,422,1,65.83333333333333,1738,14,1319,0,0
98,M,free,PUT,TX,Macintosh; Intel Mac OS X 10_9_4,0.0,0.0,22.0,115.0,25.0,30.0,39.0,4.0,0.0,3.0,13.0,58.0,45.0,2401.0,115.0,15.0,2.0,3.0,1.0,63.409618055555555,28,1940.3333333333333,4.016666666666667,370.51369047619045,427,2,85.75,2095,13,1534,0,0
99,F,paid,GET,CT,Windows NT 6.1; WOW64,0.0,0.0,5.0,24.0,2.0,10.0,9.0,0.0,0.0,2.0,3.0,11.0,12.0,505.0,27.0,1.0,2.0,0.0,1.0,133.00108796296297,11,470.31666666666666,24.533333333333335,190.4969696969697,118,4,45.90909090909091,485,4,424,0,0
